Roll Number,3rd August,4th August,5th August,6th August,7th August,8th August,9th August
B26001,1,1,0,0,0,0,0
B26002,1,1,0,0,0,0,0
B26003,1,1,0,0,0,0,0
B26004,1,1,0,0,0,0,0
B26005,1,1,0,0,0,0,0
B26006,1,1,0,0,0,0,0
B26007,1,1,0,0,0,0,0
B26008,1,1,0,0,0,0,0
B26009,1,0,0,0,0,0,0
B26010,1,1,0,0,0,0,0
B26011,1,1,0,0,0,0,0
B26012,1,1,0,0,0,0,0
B26013,1,1,0,0,0,0,0
B26014,1,1,0,0,0,0,0
B26015,1,1,0,0,0,0,0
B26016,1,1,0,0,0,0,0
B26017,0,0,0,0,0,0,0
B26018,1,1,0,0,0,0,0
B26019,1,1,0,0,0,0,0
B26020,1,1,0,0,0,0,0
B26021,1,1,0,0,0,0,0
B26022,1,1,0,0,0,0,0
B26023,1,1,0,0,0,0,0
B26024,0,0,0,0,0,0,0
B26025,1,1,0,0,0,0,0
B26026,1,1,0,0,0,0,0
B26027,1,1,0,0,0,0,0
B26028,1,1,0,0,0,0,0
B26029,1,1,0,0,0,0,0
B26030,1,1,0,0,0,0,0
B26031,0,0,0,0,0,0,0
B26032,1,1,0,0,0,0,0
B26033,1,1,0,0,0,0,0
B26034,0,0,0,0,0,0,0
B26035,1,1,0,0,0,0,0
B26036,1,1,0,0,0,0,0
B26037,1,1,0,0,0,0,0
B26038,1,1,0,0,0,0,0
B26039,0,0,0,0,0,0,0
B26040,1,1,0,0,0,0,0
B26041,1,1,0,0,0,0,0
B26042,1,1,0,0,0,0,0
B26043,0,0,0,0,0,0,0
B26044,1,1,0,0,0,0,0
B26045,0,0,0,0,0,0,0
B26046,1,1,0,0,0,0,0
B26047,0,1,0,0,0,0,0
B26048,1,1,0,0,0,0,0
B26049,0,0,0,0,0,0,0
B26050,1,1,0,0,0,0,0
B26051,1,1,0,0,0,0,0
B26052,1,1,0,0,0,0,0
B26053,1,1,0,0,0,0,0
B26054,1,1,0,0,0,0,0
B26055,1,1,0,0,0,0,0
B26056,1,1,0,0,0,0,0
B26057,1,1,0,0,0,0,0
B26058,1,1,0,0,0,0,0
B26059,1,1,0,0,0,0,0
B26060,1,1,0,0,0,0,0
B26061,1,1,0,0,0,0,0
B26062,1,1,0,0,0,0,0
B26063,1,1,0,0,0,0,0
B26064,1,1,0,0,0,0,0
B26065,1,1,0,0,0,0,0
B26066,1,1,0,0,0,0,0
B26067,1,1,0,0,0,0,0
B26068,1,1,0,0,0,0,0
B26069,1,1,0,0,0,0,0
B26070,1,1,0,0,0,0,0
B26071,1,1,0,0,0,0,0
B26072,1,1,0,0,0,0,0
B26073,1,1,0,0,0,0,0
B26074,1,1,0,0,0,0,0
B26075,1,1,0,0,0,0,0
B26076,1,1,0,0,0,0,0
B26077,1,1,0,0,0,0,0
B26078,1,1,0,0,0,0,0
B26079,1,1,0,0,0,0,0
B26080,1,1,0,0,0,0,0
B26081,1,1,0,0,0,0,0
B26082,1,1,0,0,0,0,0
B26083,1,1,0,0,0,0,0
B26084,1,1,0,0,0,0,0
B26085,1,1,0,0,0,0,0
B26086,1,1,0,0,0,0,0
B26087,1,1,0,0,0,0,0
B26088,1,1,0,0,0,0,0
B26089,1,1,0,0,0,0,0
B26090,0,0,0,0,0,0,0
B26091,0,0,0,0,0,0,0
B26092,0,0,0,0,0,0,0
B26093,0,0,0,0,0,0,0
B26094,1,1,0,0,0,0,0
B26095,1,1,0,0,0,0,0
B26096,1,1,0,0,0,0,0
B26097,1,1,0,0,0,0,0
B26098,0,0,0,0,0,0,0
B26099,1,1,0,0,0,0,0
B26100,1,1,0,0,0,0,0
B26101,1,1,0,0,0,0,0
B26102,1,1,0,0,0,0,0
B26103,1,1,0,0,0,0,0
B26104,1,1,0,0,0,0,0
B26105,1,1,0,0,0,0,0
B26106,1,1,0,0,0,0,0
B26107,1,1,0,0,0,0,0
B26108,1,1,0,0,0,0,0
B26109,1,1,0,0,0,0,0
B26110,1,1,0,0,0,0,0
B26111,1,1,0,0,0,0,0
B26112,1,1,0,0,0,0,0
B26113,1,1,0,0,0,0,0
B26114,0,1,0,0,0,0,0
B26115,0,0,0,0,0,0,0
B26116,1,1,0,0,0,0,0
B26117,1,1,0,0,0,0,0
B26118,1,1,0,0,0,0,0
B26119,1,1,0,0,0,0,0
B26120,1,1,0,0,0,0,0
B26121,1,1,0,0,0,0,0
B26122,1,1,0,0,0,0,0
B26123,1,1,0,0,0,0,0
B26124,0,0,0,0,0,0,0
B26125,1,1,0,0,0,0,0
B26126,1,1,0,0,0,0,0
B26127,1,1,0,0,0,0,0
B26128,1,1,0,0,0,0,0
B26129,1,1,0,0,0,0,0
B26130,1,1,0,0,0,0,0
B26131,1,1,0,0,0,0,0
B26132,1,1,0,0,0,0,0
B26133,1,1,0,0,0,0,0
B26134,1,1,0,0,0,0,0
B26135,1,1,0,0,0,0,0
B26136,1,1,0,0,0,0,0
B26137,1,1,0,0,0,0,0
B26138,1,1,0,0,0,0,0
B26139,1,1,0,0,0,0,0
B26140,1,1,0,0,0,0,0
B26141,1,1,0,0,0,0,0
B26142,0,0,0,0,0,0,0
B26143,1,1,0,0,0,0,0
B26144,1,1,0,0,0,0,0
B26145,1,1,0,0,0,0,0
B26146,1,1,0,0,0,0,0
B26147,1,1,0,0,0,0,0
B26148,1,1,0,0,0,0,0
B26149,1,1,0,0,0,0,0
B26150,0,0,0,0,0,0,0
B26151,1,1,0,0,0,0,0
B26152,1,1,0,0,0,0,0
B26153,1,1,0,0,0,0,0
B26154,1,1,0,0,0,0,0
B26155,1,1,0,0,0,0,0
B26156,1,1,0,0,0,0,0
B26157,1,1,0,0,0,0,0
B26158,1,1,0,0,0,0,0
B26159,1,1,0,0,0,0,0
B26160,1,1,0,0,0,0,0
B26161,1,1,0,0,0,0,0
B26162,1,1,0,0,0,0,0
B26163,1,1,0,0,0,0,0
B26164,1,1,0,0,0,0,0
B26165,1,1,0,0,0,0,0
B26166,1,1,0,0,0,0,0
B26167,1,1,0,0,0,0,0
B26168,1,1,0,0,0,0,0
B26169,1,1,0,0,0,0,0
B26170,1,1,0,0,0,0,0
B26171,1,1,0,0,0,0,0
B26172,1,1,0,0,0,0,0
B26173,1,1,0,0,0,0,0
B26174,1,1,0,0,0,0,0
B26175,1,1,0,0,0,0,0
B26176,1,1,0,0,0,0,0
B26177,1,1,0,0,0,0,0
B26178,1,1,0,0,0,0,0
B26179,1,1,0,0,0,0,0
B26180,1,1,0,0,0,0,0
B26181,1,1,0,0,0,0,0
B26182,1,1,0,0,0,0,0
B26183,1,1,0,0,0,0,0
B26184,1,1,0,0,0,0,0
B26185,1,1,0,0,0,0,0
B26186,0,0,0,0,0,0,0
B26187,1,1,0,0,0,0,0
B26188,0,0,0,0,0,0,0
B26189,1,1,0,0,0,0,0
B26190,1,1,0,0,0,0,0
B26191,0,0,0,0,0,0,0
B26192,1,1,0,0,0,0,0
B26193,1,1,0,0,0,0,0
B26194,1,1,0,0,0,0,0
B26195,1,1,0,0,0,0,0
B26196,1,1,0,0,0,0,0
B26197,1,1,0,0,0,0,0
B26198,1,1,0,0,0,0,0
B26199,1,1,0,0,0,0,0
B26200,1,1,0,0,0,0,0
B26201,1,1,0,0,0,0,0
B26202,1,1,0,0,0,0,0
B26203,1,1,0,0,0,0,0
B26204,1,1,0,0,0,0,0
B26205,1,1,0,0,0,0,0
B26206,1,1,0,0,0,0,0
B26207,1,1,0,0,0,0,0
B26208,1,1,0,0,0,0,0
B26209,1,1,0,0,0,0,0
B26210,1,1,0,0,0,0,0
B26211,1,1,0,0,0,0,0
B26212,1,0,0,0,0,0,0
B26213,1,1,0,0,0,0,0
B26214,1,1,0,0,0,0,0
B26215,1,1,0,0,0,0,0
B26216,1,1,0,0,0,0,0
B26217,1,1,0,0,0,0,0
B26218,1,1,0,0,0,0,0
B26219,1,1,0,0,0,0,0
B26220,1,1,0,0,0,0,0
B26221,1,1,0,0,0,0,0
B26222,1,1,0,0,0,0,0
B26223,1,1,0,0,0,0,0
B26224,1,1,0,0,0,0,0
B26225,0,1,0,0,0,0,0
B26226,1,1,0,0,0,0,0
B26227,1,1,0,0,0,0,0
B26228,1,1,0,0,0,0,0
B26229,1,1,0,0,0,0,0
B26230,1,1,0,0,0,0,0
B26231,1,1,0,0,0,0,0
B26232,1,1,0,0,0,0,0
B26233,1,1,0,0,0,0,0
B26234,1,1,0,0,0,0,0
B26235,1,1,0,0,0,0,0
B26236,1,1,0,0,0,0,0
B26237,1,1,0,0,0,0,0
B26238,1,1,0,0,0,0,0
B26239,0,0,0,0,0,0,0
B26240,1,1,0,0,0,0,0
B26241,1,1,0,0,0,0,0
B26242,1,1,0,0,0,0,0
B26243,1,1,0,0,0,0,0
B26244,1,1,0,0,0,0,0
B26245,0,1,0,0,0,0,0
B26246,1,1,0,0,0,0,0
B26247,1,1,0,0,0,0,0
B26248,1,1,0,0,0,0,0
B26249,1,1,0,0,0,0,0
B26250,1,1,0,0,0,0,0
B26251,1,1,0,0,0,0,0
B26252,1,1,0,0,0,0,0
B26253,1,1,0,0,0,0,0
B26254,1,1,0,0,0,0,0
B26255,1,1,0,0,0,0,0
B26256,1,1,0,0,0,0,0
B26257,1,1,0,0,0,0,0
B26258,1,1,0,0,0,0,0
B26259,1,1,0,0,0,0,0
B26260,1,1,0,0,0,0,0
B26261,1,1,0,0,0,0,0
B26262,1,1,0,0,0,0,0
B26263,1,1,0,0,0,0,0
B26264,1,1,0,0,0,0,0
B26265,1,1,0,0,0,0,0
B26266,1,1,0,0,0,0,0
B26267,1,1,0,0,0,0,0
B26268,1,1,0,0,0,0,0
B26269,1,1,0,0,0,0,0
B26270,1,1,0,0,0,0,0
B26271,1,1,0,0,0,0,0
B26272,1,1,0,0,0,0,0
B26273,1,1,0,0,0,0,0
B26274,1,1,0,0,0,0,0
B26275,1,1,0,0,0,0,0
B26276,1,1,0,0,0,0,0
B26277,1,1,0,0,0,0,0
B26278,1,1,0,0,0,0,0
B26279,1,1,0,0,0,0,0
B26280,1,1,0,0,0,0,0
B26281,0,1,0,0,0,0,0
B26282,1,1,0,0,0,0,0
B26283,1,1,0,0,0,0,0
B26284,1,1,0,0,0,0,0
B26285,1,1,0,0,0,0,0
B26286,1,1,0,0,0,0,0
B26287,1,1,0,0,0,0,0
B26288,1,1,0,0,0,0,0
B26289,1,1,0,0,0,0,0
B26290,1,1,0,0,0,0,0
B26291,1,1,0,0,0,0,0
B26292,1,1,0,0,0,0,0
B26293,1,1,0,0,0,0,0
B26294,1,1,0,0,0,0,0
B26295,1,1,0,0,0,0,0
B26296,1,1,0,0,0,0,0
B26297,1,1,0,0,0,0,0
B26298,1,1,0,0,0,0,0
B26299,1,1,0,0,0,0,0
B26300,1,1,0,0,0,0,0
B26301,1,1,0,0,0,0,0
B26302,1,1,0,0,0,0,0
B26303,1,1,0,0,0,0,0
B26304,1,1,0,0,0,0,0
B26305,1,1,0,0,0,0,0
B26306,1,1,0,0,0,0,0
B26307,1,1,0,0,0,0,0
B26308,1,1,0,0,0,0,0
B26309,1,1,0,0,0,0,0
B26310,1,1,0,0,0,0,0
B26311,1,1,0,0,0,0,0
B26312,1,1,0,0,0,0,0
B26313,1,1,0,0,0,0,0
B26314,0,0,0,0,0,0,0
B26315,1,1,0,0,0,0,0
B26316,1,1,0,0,0,0,0
B26317,1,1,0,0,0,0,0
B26318,1,1,0,0,0,0,0
B26319,1,1,0,0,0,0,0
B26320,1,1,0,0,0,0,0
B26321,1,1,0,0,0,0,0
B26322,1,1,0,0,0,0,0
B26323,1,1,0,0,0,0,0
B26324,1,1,0,0,0,0,0
B26325,0,1,0,0,0,0,0
B26326,1,1,0,0,0,0,0
B26327,0,0,0,0,0,0,0
B26328,1,1,0,0,0,0,0
B26329,0,1,0,0,0,0,0
B26330,1,1,0,0,0,0,0
B26331,1,1,0,0,0,0,0
B26332,1,1,0,0,0,0,0
B26333,0,0,0,0,0,0,0
B26334,1,1,0,0,0,0,0
B26335,1,1,0,0,0,0,0
B26336,1,1,0,0,0,0,0
B26337,1,1,0,0,0,0,0
B26338,1,1,0,0,0,0,0
B26339,1,1,0,0,0,0,0
B26340,1,1,0,0,0,0,0
B26341,1,1,0,0,0,0,0
B26342,0,1,0,0,0,0,0
B26343,1,1,0,0,0,0,0
B26344,1,1,0,0,0,0,0
B26345,1,1,0,0,0,0,0
B26346,1,1,0,0,0,0,0
B26347,0,0,0,0,0,0,0
B26348,1,1,0,0,0,0,0
B26349,0,0,0,0,0,0,0
B26350,1,1,0,0,0,0,0
B26351,1,1,0,0,0,0,0
B26352,1,1,0,0,0,0,0
B26353,1,1,0,0,0,0,0
B26354,1,1,0,0,0,0,0
B26355,1,1,0,0,0,0,0
B26356,1,1,0,0,0,0,0
B26357,1,1,0,0,0,0,0
B26358,1,1,0,0,0,0,0
B26359,1,1,0,0,0,0,0
B26360,1,1,0,0,0,0,0
B26361,1,1,0,0,0,0,0
B26362,1,1,0,0,0,0,0
B26363,1,1,0,0,0,0,0
B26364,1,1,0,0,0,0,0
B26365,1,1,0,0,0,0,0
B26366,1,1,0,0,0,0,0
B26367,1,1,0,0,0,0,0
B26368,1,1,0,0,0,0,0
B26369,1,1,0,0,0,0,0
B26370,1,1,0,0,0,0,0
B26371,1,1,0,0,0,0,0
B26372,1,1,0,0,0,0,0
B26373,1,1,0,0,0,0,0
B26374,1,1,0,0,0,0,0
B26375,1,1,0,0,0,0,0
B26376,1,1,0,0,0,0,0
B26377,1,1,0,0,0,0,0
B26378,1,1,0,0,0,0,0
B26379,0,0,0,0,0,0,0
B26380,0,0,0,0,0,0,0
B26381,0,0,0,0,0,0,0
B26382,Proxy,1,0,0,0,0,0
B26383,1,1,0,0,0,0,0
B26384,1,1,0,0,0,0,0
B26385,1,1,0,0,0,0,0
B26386,1,1,0,0,0,0,0
B26387,0,1,0,0,0,0,0
B26388,1,1,0,0,0,0,0
B26389,0,0,0,0,0,0,0
B26390,0,0,0,0,0,0,0
B26391,1,1,0,0,0,0,0
B26392,1,1,0,0,0,0,0
B26393,1,1,0,0,0,0,0
B26394,1,1,0,0,0,0,0
B26395,1,1,0,0,0,0,0
B26396,1,1,0,0,0,0,0
B26397,1,1,0,0,0,0,0
B26398,1,1,0,0,0,0,0
B26399,1,1,0,0,0,0,0
B26400,1,1,0,0,0,0,0
B26401,0,0,0,0,0,0,0
B26402,1,1,0,0,0,0,0
B26403,1,1,0,0,0,0,0
B26404,1,1,0,0,0,0,0
B26405,1,1,0,0,0,0,0
B26406,1,1,0,0,0,0,0
B26407,1,1,0,0,0,0,0
B26408,0,0,0,0,0,0,0
B26409,1,1,0,0,0,0,0
B26410,1,1,0,0,0,0,0
B26411,1,1,0,0,0,0,0
B26412,0,0,0,0,0,0,0
B26413,1,0,0,0,0,0,0
B26414,1,1,0,0,0,0,0
B26415,1,1,0,0,0,0,0
B26416,1,1,0,0,0,0,0
B26417,1,1,0,0,0,0,0
B26418,1,1,0,0,0,0,0
B26419,1,1,0,0,0,0,0
B26420,1,1,0,0,0,0,0
B26421,1,1,0,0,0,0,0
B26422,1,1,0,0,0,0,0
B26423,1,1,0,0,0,0,0
B26424,1,1,0,0,0,0,0
B26425,1,1,0,0,0,0,0
B26426,1,1,0,0,0,0,0
B26427,1,1,0,0,0,0,0
B26428,1,1,0,0,0,0,0
B26429,1,1,0,0,0,0,0
B26430,1,1,0,0,0,0,0
B26431,1,1,0,0,0,0,0
B26432,1,1,0,0,0,0,0
B26433,1,1,0,0,0,0,0
B26434,1,1,0,0,0,0,0
B26435,1,1,0,0,0,0,0
B26436,1,1,0,0,0,0,0
B26437,1,1,0,0,0,0,0
B26438,1,1,0,0,0,0,0
B26439,1,1,0,0,0,0,0
B26440,1,1,0,0,0,0,0
B26441,1,1,0,0,0,0,0
B26442,1,1,0,0,0,0,0
B26443,1,1,0,0,0,0,0
B26444,1,1,0,0,0,0,0
B26445,0,0,0,0,0,0,0
B26446,1,1,0,0,0,0,0
B26447,1,1,0,0,0,0,0
B26448,0,0,0,0,0,0,0
B26449,1,1,0,0,0,0,0
B26450,1,1,0,0,0,0,0
B26451,1,1,0,0,0,0,0
B26452,1,1,0,0,0,0,0
B26453,1,1,0,0,0,0,0
B26454,1,1,0,0,0,0,0
B26455,1,1,0,0,0,0,0
B26456,1,1,0,0,0,0,0
B26457,1,1,0,0,0,0,0
B26458,1,1,0,0,0,0,0
B26459,1,1,0,0,0,0,0
B26460,1,1,0,0,0,0,0
B26461,1,1,0,0,0,0,0
B26462,1,1,0,0,0,0,0
B26463,1,1,0,0,0,0,0
B26464,0,0,0,0,0,0,0
B26465,1,1,0,0,0,0,0
B26466,0,1,0,0,0,0,0
B26467,1,1,0,0,0,0,0
B26468,1,1,0,0,0,0,0
B26469,1,1,0,0,0,0,0
B26470,1,1,0,0,0,0,0
B26471,1,1,0,0,0,0,0
B26472,1,1,0,0,0,0,0
B26473,1,1,0,0,0,0,0
B26474,1,1,0,0,0,0,0
B26475,1,1,0,0,0,0,0
B26476,1,1,0,0,0,0,0
B26477,1,1,0,0,0,0,0
B26478,0,0,0,0,0,0,0
B26479,1,1,0,0,0,0,0
B26480,1,1,0,0,0,0,0
B26481,1,1,0,0,0,0,0
B26482,1,1,0,0,0,0,0
B26483,1,1,0,0,0,0,0
B26484,1,1,0,0,0,0,0
B26485,1,1,0,0,0,0,0
B26486,1,0,0,0,0,0,0
B26487,1,1,0,0,0,0,0
B26488,0,1,0,0,0,0,0
B26489,0,0,0,0,0,0,0
B26490,1,1,0,0,0,0,0
B26491,1,1,0,0,0,0,0
B26492,1,1,0,0,0,0,0
B26493,1,1,0,0,0,0,0
B26494,1,1,0,0,0,0,0
B26495,1,1,0,0,0,0,0
B26496,1,1,0,0,0,0,0
B26497,1,1,0,0,0,0,0
B26498,1,1,0,0,0,0,0
B26499,Proxy,1,0,0,0,0,0
B26500,1,1,0,0,0,0,0
B26501,1,1,0,0,0,0,0
B26502,1,1,0,0,0,0,0
B26503,1,1,0,0,0,0,0
B26504,1,1,0,0,0,0,0
B26505,1,1,0,0,0,0,0
B26506,1,1,0,0,0,0,0
B26507,0,0,0,0,0,0,0
B26508,1,1,0,0,0,0,0
B26509,0,1,0,0,0,0,0
B26510,1,1,0,0,0,0,0
B26511,1,1,0,0,0,0,0
B26512,0,0,0,0,0,0,0
B26513,1,1,0,0,0,0,0
B26514,1,1,0,0,0,0,0
B26515,1,1,0,0,0,0,0
B26516,1,1,0,0,0,0,0
B26517,1,1,0,0,0,0,0
B26518,1,0,0,0,0,0,0
B26519,1,1,0,0,0,0,0
B26520,1,1,0,0,0,0,0
B26521,1,1,0,0,0,0,0
B26522,1,1,0,0,0,0,0
B26523,1,1,0,0,0,0,0
B26524,1,1,0,0,0,0,0
B26525,1,1,0,0,0,0,0
B26526,1,1,0,0,0,0,0
B26527,1,1,0,0,0,0,0
B26528,1,1,0,0,0,0,0
B26529,1,1,0,0,0,0,0
B26530,0,0,0,0,0,0,0
B26531,1,1,0,0,0,0,0
B26532,1,1,0,0,0,0,0
B26533,1,1,0,0,0,0,0
B26534,0,0,0,0,0,0,0
B26535,1,1,0,0,0,0,0
B26536,1,1,0,0,0,0,0
B26537,1,1,0,0,0,0,0
B26538,1,1,0,0,0,0,0
B26539,0,1,0,0,0,0,0
B26540,1,1,0,0,0,0,0
B26541,1,1,0,0,0,0,0
B26542,1,1,0,0,0,0,0
B26543,1,1,0,0,0,0,0
B26544,1,1,0,0,0,0,0
B26545,1,1,0,0,0,0,0
B26546,1,1,0,0,0,0,0
B26547,1,1,0,0,0,0,0
B26548,0,0,0,0,0,0,0
B26549,1,0,0,0,0,0,0
B26550,1,1,0,0,0,0,0
B26551,1,1,0,0,0,0,0
B26552,1,1,0,0,0,0,0
B26553,1,1,0,0,0,0,0
B26554,1,1,0,0,0,0,0
B26555,1,1,0,0,0,0,0
B26556,1,1,0,0,0,0,0
B26557,1,1,0,0,0,0,0
B26558,1,1,0,0,0,0,0
B26559,1,1,0,0,0,0,0
B26560,1,1,0,0,0,0,0
B26561,0,0,0,0,0,0,0
B26562,1,1,0,0,0,0,0
B26563,1,1,0,0,0,0,0
B26564,1,1,0,0,0,0,0
B26565,1,1,0,0,0,0,0
B26566,1,1,0,0,0,0,0
B26567,1,1,0,0,0,0,0
B26568,1,1,0,0,0,0,0
B26569,1,1,0,0,0,0,0
B26570,1,1,0,0,0,0,0
B26571,1,1,0,0,0,0,0
B26572,1,1,0,0,0,0,0
B26573,1,1,0,0,0,0,0
B26574,1,1,0,0,0,0,0
B26575,0,0,0,0,0,0,0
B26576,1,1,0,0,0,0,0
B26577,1,1,0,0,0,0,0
B26578,1,1,0,0,0,0,0
B26579,0,0,0,0,0,0,0
B26580,1,1,0,0,0,0,0
B26581,1,1,0,0,0,0,0
B26582,1,1,0,0,0,0,0
B26583,1,1,0,0,0,0,0
B26584,1,1,0,0,0,0,0
B26585,1,1,0,0,0,0,0
B26586,1,1,0,0,0,0,0
B26587,1,1,0,0,0,0,0
B26588,1,1,0,0,0,0,0
B26589,1,1,0,0,0,0,0
B26590,1,1,0,0,0,0,0
B26591,1,1,0,0,0,0,0
B26592,1,1,0,0,0,0,0
B26593,1,1,0,0,0,0,0
B26594,1,1,0,0,0,0,0
B26595,1,1,0,0,0,0,0
B26596,1,1,0,0,0,0,0
B26597,1,1,0,0,0,0,0
B26598,1,1,0,0,0,0,0
B26599,1,1,0,0,0,0,0
B26600,1,1,0,0,0,0,0
B26601,0,0,0,0,0,0,0
B26602,1,1,0,0,0,0,0
B26603,1,1,0,0,0,0,0
B26604,1,1,0,0,0,0,0
B26605,1,0,0,0,0,0,0
B26606,0,0,0,0,0,0,0
B26607,1,1,0,0,0,0,0
B26608,1,1,0,0,0,0,0
B26609,1,1,0,0,0,0,0
B26610,1,1,0,0,0,0,0
B26611,1,1,0,0,0,0,0
B26612,1,1,0,0,0,0,0
B26613,1,1,0,0,0,0,0
B26614,1,1,0,0,0,0,0
B26615,1,1,0,0,0,0,0
B26616,1,1,0,0,0,0,0
B26617,1,1,0,0,0,0,0
B26618,1,1,0,0,0,0,0
B26619,1,1,0,0,0,0,0
B26620,1,1,0,0,0,0,0
B26621,1,1,0,0,0,0,0
B26622,1,1,0,0,0,0,0
B26623,1,1,0,0,0,0,0
B26624,1,1,0,0,0,0,0
B26625,1,1,0,0,0,0,0
B26626,0,0,0,0,0,0,0
B26627,1,1,0,0,0,0,0
B26628,1,1,0,0,0,0,0
B26629,1,1,0,0,0,0,0
B26630,0,0,0,0,0,0,0
B26631,1,1,0,0,0,0,0
B26632,0,0,0,0,0,0,0
B26633,0,0,0,0,0,0,0
B26634,0,0,0,0,0,0,0
B26635,0,0,0,0,0,0,0
B26636,0,0,0,0,0,0,0
B26637,0,0,0,0,0,0,0
B26638,0,0,0,0,0,0,0
B26639,0,0,0,0,0,0,0
B26640,0,0,0,0,0,0,0
IM26001,0,0,0,0,0,0,0
IM26002,0,0,0,0,0,0,0
IM26003,0,0,0,0,0,0,0
IM26004,0,0,0,0,0,0,0
IM26005,0,0,0,0,0,0,0
IM26006,0,0,0,0,0,0,0
IM26007,0,0,0,0,0,0,0
IM26008,1,0,0,0,0,0,0
IM26009,1,1,0,0,0,0,0
IM26010,0,0,0,0,0,0,0
IM26011,0,0,0,0,0,0,0
IM26012,0,0,0,0,0,0,0
IM26013,0,0,0,0,0,0,0
IM26014,0,0,0,0,0,0,0
IM26015,0,0,0,0,0,0,0
IM26016,0,0,0,0,0,0,0
IM26017,0,0,0,0,0,0,0
IM26018,1,0,0,0,0,0,0
IM26019,0,0,0,0,0,0,0
IM26020,0,0,0,0,0,0,0
IM26021,0,0,0,0,0,0,0
IM26022,1,0,0,0,0,0,0
IM26023,1,0,0,0,0,0,0
IM26024,1,0,0,0,0,0,0
IM26025,0,0,0,0,0,0,0
IM26026,1,0,0,0,0,0,0
IM26027,0,0,0,0,0,0,0
IM26028,1,0,0,0,0,0,0
IM26029,0,0,0,0,0,0,0
IM26030,1,0,0,0,0,0,0
IM26031,0,0,0,0,0,0,0
IM26032,0,0,0,0,0,0,0
IM26033,1,0,0,0,0,0,0
IM26034,0,0,0,0,0,0,0
IM26035,0,0,0,0,0,0,0
IM26036,1,0,0,0,0,0,0
IM26037,0,0,0,0,0,0,0
IM26038,0,0,0,0,0,0,0
IM26039,0,0,0,0,0,0,0
IM26040,1,0,0,0,0,0,0
IM26041,0,0,0,0,0,0,0
IM26042,0,0,0,0,0,0,0
IM26043,0,0,0,0,0,0,0
IM26044,0,0,0,0,0,0,0
IM26045,0,0,0,0,0,0,0
IM26046,0,0,0,0,0,0,0
IM26047,0,0,0,0,0,0,0
IM26048,0,0,0,0,0,0,0
IM26049,0,0,0,0,0,0,0
IM26050,0,0,0,0,0,0,0
IM26051,0,0,0,0,0,0,0
IM26052,0,0,0,0,0,0,0
IM26053,0,0,0,0,0,0,0
IM26054,0,0,0,0,0,0,0
IM26055,0,0,0,0,0,0,0
IM26056,0,0,0,0,0,0,0
IM26057,0,0,0,0,0,0,0
IM26058,0,0,0,0,0,0,0
IM26059,1,0,0,0,0,0,0
IM26060,0,0,0,0,0,0,0
IM26061,0,0,0,0,0,0,0
IM26062,0,0,0,0,0,0,0
IM26063,0,0,0,0,0,0,0
IM26064,0,0,0,0,0,0,0
IM26065,0,0,0,0,0,0,0
IM26066,0,1,0,0,0,0,0
IM26067,1,0,0,0,0,0,0
IM26068,0,0,0,0,0,0,0
IM26069,0,0,0,0,0,0,0
IM26070,1,0,0,0,0,0,0
IM26071,1,0,0,0,0,0,0
IM26072,0,0,0,0,0,0,0
IM26073,0,0,0,0,0,0,0
IM26074,0,0,0,0,0,0,0
IM26075,0,0,0,0,0,0,0
IM26076,0,0,0,0,0,0,0
IM26077,0,0,0,0,0,0,0
IM26078,1,0,0,0,0,0,0
IM26079,0,0,0,0,0,0,0
IM26080,0,0,0,0,0,0,0
