Roll Number,3rd August,4th August,5th August,6th August,7th August,8th August,9th August
B26001,0,0,0,0,0,0,0
B26002,0,0,0,0,0,0,0
B26003,0,0,0,0,0,0,0
B26004,0,0,0,0,0,0,0
B26005,0,0,0,0,0,0,0
B26006,0,0,0,0,0,0,0
B26007,0,0,0,0,0,0,0
B26008,0,0,0,0,0,0,0
B26009,0,0,0,0,0,0,0
B26010,0,0,0,0,0,0,0
B26011,0,0,0,0,0,0,0
B26012,0,0,0,0,0,0,0
B26013,0,0,0,0,0,0,0
B26014,0,0,0,0,0,0,0
B26015,0,0,0,0,0,0,0
B26016,0,0,0,0,0,0,0
B26017,0,0,0,0,0,0,0
B26018,0,0,0,0,0,0,0
B26019,0,0,0,0,0,0,0
B26020,0,0,0,0,0,0,0
B26021,0,0,0,0,0,0,0
B26022,0,0,0,0,0,0,0
B26023,0,0,0,0,0,0,0
B26024,0,0,0,0,0,0,0
B26025,0,0,0,0,0,0,0
B26026,0,0,0,0,0,0,0
B26027,0,0,0,0,0,0,0
B26028,0,0,0,0,0,0,0
B26029,0,0,0,0,0,0,0
B26030,0,0,0,0,0,0,0
B26031,0,0,0,0,0,0,0
B26032,0,0,0,0,0,0,0
B26033,0,0,0,0,0,0,0
B26034,0,0,0,0,0,0,0
B26035,0,0,0,0,0,0,0
B26036,0,0,0,0,0,0,0
B26037,0,0,0,0,0,0,0
B26038,0,0,0,0,0,0,0
B26039,0,0,0,0,0,0,0
B26040,0,0,0,0,0,0,0
B26041,0,0,0,0,0,0,0
B26042,0,0,0,0,0,0,0
B26043,0,0,0,0,0,0,0
B26044,0,0,0,0,0,0,0
B26045,0,0,0,0,0,0,0
B26046,0,0,0,0,0,0,0
B26047,0,0,0,0,0,0,0
B26048,0,0,0,0,0,0,0
B26049,0,0,0,0,0,0,0
B26050,0,0,0,0,0,0,0
B26051,0,0,0,0,0,0,0
B26052,0,0,0,0,0,0,0
B26053,0,0,0,0,0,0,0
B26054,0,0,0,0,0,0,0
B26055,0,0,0,0,0,0,0
B26056,0,0,0,0,0,0,0
B26057,0,0,0,0,0,0,0
B26058,0,0,0,0,0,0,0
B26059,0,0,0,0,0,0,0
B26060,0,0,0,0,0,0,0
B26061,0,0,0,0,0,0,0
B26062,0,0,0,0,0,0,0
B26063,0,0,0,0,0,0,0
B26064,0,0,0,0,0,0,0
B26065,0,0,0,0,0,0,0
B26066,0,0,0,0,0,0,0
B26067,0,0,0,0,0,0,0
B26068,0,0,0,0,0,0,0
B26069,0,0,0,0,0,0,0
B26070,0,0,0,0,0,0,0
B26071,0,0,0,0,0,0,0
B26072,0,0,0,0,0,0,0
B26073,0,0,0,0,0,0,0
B26074,0,0,0,0,0,0,0
B26075,0,0,0,0,0,0,0
B26076,0,0,0,0,0,0,0
B26077,0,0,0,0,0,0,0
B26078,0,0,0,0,0,0,0
B26079,0,0,0,0,0,0,0
B26080,0,0,0,0,0,0,0
B26081,0,0,0,0,0,0,0
B26082,0,0,0,0,0,0,0
B26083,0,0,0,0,0,0,0
B26084,0,0,0,0,0,0,0
B26085,0,0,0,0,0,0,0
B26086,0,0,0,0,0,0,0
B26087,0,0,0,0,0,0,0
B26088,0,0,0,0,0,0,0
B26089,0,0,0,0,0,0,0
B26090,0,0,0,0,0,0,0
B26091,0,0,0,0,0,0,0
B26092,0,0,0,0,0,0,0
B26093,0,0,0,0,0,0,0
B26094,0,0,0,0,0,0,0
B26095,0,0,0,0,0,0,0
B26096,0,0,0,0,0,0,0
B26097,0,0,0,0,0,0,0
B26098,0,0,0,0,0,0,0
B26099,0,0,0,0,0,0,0
B26100,0,0,0,0,0,0,0
B26101,0,0,0,0,0,0,0
B26102,0,0,0,0,0,0,0
B26103,0,0,0,0,0,0,0
B26104,0,0,0,0,0,0,0
B26105,0,0,0,0,0,0,0
B26106,0,0,0,0,0,0,0
B26107,0,0,0,0,0,0,0
B26108,0,0,0,0,0,0,0
B26109,0,0,0,0,0,0,0
B26110,0,0,0,0,0,0,0
B26111,0,0,0,0,0,0,0
B26112,0,0,0,0,0,0,0
B26113,0,0,0,0,0,0,0
B26114,0,0,0,0,0,0,0
B26115,0,0,0,0,0,0,0
B26116,0,0,0,0,0,0,0
B26117,0,0,0,0,0,0,0
B26118,0,0,0,0,0,0,0
B26119,0,0,0,0,0,0,0
B26120,0,0,0,0,0,0,0
B26121,0,0,0,0,0,0,0
B26122,0,0,0,0,0,0,0
B26123,0,0,0,0,0,0,0
B26124,0,0,0,0,0,0,0
B26125,0,0,0,0,0,0,0
B26126,0,0,0,0,0,0,0
B26127,0,0,0,0,0,0,0
B26128,0,0,0,0,0,0,0
B26129,0,0,0,0,0,0,0
B26130,0,0,0,0,0,0,0
B26131,0,0,0,0,0,0,0
B26132,0,0,0,0,0,0,0
B26133,0,0,0,0,0,0,0
B26134,0,0,0,0,0,0,0
B26135,0,0,0,0,0,0,0
B26136,0,0,0,0,0,0,0
B26137,0,0,0,0,0,0,0
B26138,0,0,0,0,0,0,0
B26139,0,0,0,0,0,0,0
B26140,0,0,0,0,0,0,0
B26141,0,0,0,0,0,0,0
B26142,0,0,0,0,0,0,0
B26143,0,0,0,0,0,0,0
B26144,0,0,0,0,0,0,0
B26145,0,0,0,0,0,0,0
B26146,0,0,0,0,0,0,0
B26147,0,0,0,0,0,0,0
B26148,0,0,0,0,0,0,0
B26149,0,0,0,0,0,0,0
B26150,0,0,0,0,0,0,0
B26151,0,0,0,0,0,0,0
B26152,0,0,0,0,0,0,0
B26153,0,0,0,0,0,0,0
B26154,0,0,0,0,0,0,0
B26155,0,0,0,0,0,0,0
B26156,0,0,0,0,0,0,0
B26157,0,0,0,0,0,0,0
B26158,0,0,0,0,0,0,0
B26159,0,0,0,0,0,0,0
B26160,0,0,0,0,0,0,0
B26161,0,0,0,0,0,0,0
B26162,0,0,0,0,0,0,0
B26163,0,0,0,0,0,0,0
B26164,0,0,0,0,0,0,0
B26165,0,0,0,0,0,0,0
B26166,0,0,0,0,0,0,0
B26167,0,0,0,0,0,0,0
B26168,0,0,0,0,0,0,0
B26169,0,0,0,0,0,0,0
B26170,0,0,0,0,0,0,0
B26171,0,0,0,0,0,0,0
B26172,0,0,0,0,0,0,0
B26173,0,0,0,0,0,0,0
B26174,0,0,0,0,0,0,0
B26175,0,0,0,0,0,0,0
B26176,0,0,0,0,0,0,0
B26177,0,0,0,0,0,0,0
B26178,0,0,0,0,0,0,0
B26179,0,0,0,0,0,0,0
B26180,0,0,0,0,0,0,0
B26181,0,0,0,0,0,0,0
B26182,0,0,0,0,0,0,0
B26183,0,0,0,0,0,0,0
B26184,0,0,0,0,0,0,0
B26185,0,0,0,0,0,0,0
B26186,0,0,0,0,0,0,0
B26187,0,0,0,0,0,0,0
B26188,0,0,0,0,0,0,0
B26189,0,0,0,0,0,0,0
B26190,0,0,0,0,0,0,0
B26191,0,0,0,0,0,0,0
B26192,0,0,0,0,0,0,0
B26193,0,0,0,0,0,0,0
B26194,0,0,0,0,0,0,0
B26195,0,0,0,0,0,0,0
B26196,0,0,0,0,0,0,0
B26197,0,0,0,0,0,0,0
B26198,0,0,0,0,0,0,0
B26199,0,0,0,0,0,0,0
B26200,0,0,0,0,0,0,0
B26201,0,0,0,0,0,0,0
B26202,0,0,0,0,0,0,0
B26203,0,0,0,0,0,0,0
B26204,0,0,0,0,0,0,0
B26205,0,0,0,0,0,0,0
B26206,0,0,0,0,0,0,0
B26207,0,0,0,0,0,0,0
B26208,0,0,0,0,0,0,0
B26209,0,0,0,0,0,0,0
B26210,0,0,0,0,0,0,0
B26211,0,0,0,0,0,0,0
B26212,0,0,0,0,0,0,0
B26213,0,0,0,0,0,0,0
B26214,0,0,0,0,0,0,0
B26215,0,0,0,0,0,0,0
B26216,0,0,0,0,0,0,0
B26217,0,0,0,0,0,0,0
B26218,0,0,0,0,0,0,0
B26219,0,0,0,0,0,0,0
B26220,0,0,0,0,0,0,0
B26221,0,0,0,0,0,0,0
B26222,0,0,0,0,0,0,0
B26223,0,0,0,0,0,0,0
B26224,0,0,0,0,0,0,0
B26225,0,0,0,0,0,0,0
B26226,0,0,0,0,0,0,0
B26227,0,0,0,0,0,0,0
B26228,0,0,0,0,0,0,0
B26229,0,0,0,0,0,0,0
B26230,0,0,0,0,0,0,0
B26231,0,0,0,0,0,0,0
B26232,0,0,0,0,0,0,0
B26233,0,0,0,0,0,0,0
B26234,0,0,0,0,0,0,0
B26235,0,0,0,0,0,0,0
B26236,0,0,0,0,0,0,0
B26237,0,0,0,0,0,0,0
B26238,0,0,0,0,0,0,0
B26239,0,0,0,0,0,0,0
B26240,0,0,0,0,0,0,0
B26241,0,0,0,0,0,0,0
B26242,0,0,0,0,0,0,0
B26243,0,0,0,0,0,0,0
B26244,0,0,0,0,0,0,0
B26245,0,0,0,0,0,0,0
B26246,0,0,0,0,0,0,0
B26247,0,0,0,0,0,0,0
B26248,0,0,0,0,0,0,0
B26249,0,0,0,0,0,0,0
B26250,0,0,0,0,0,0,0
B26251,0,0,0,0,0,0,0
B26252,0,0,0,0,0,0,0
B26253,0,0,0,0,0,0,0
B26254,0,0,0,0,0,0,0
B26255,0,0,0,0,0,0,0
B26256,0,0,0,0,0,0,0
B26257,0,0,0,0,0,0,0
B26258,0,0,0,0,0,0,0
B26259,0,0,0,0,0,0,0
B26260,0,0,0,0,0,0,0
B26261,0,0,0,0,0,0,0
B26262,0,0,0,0,0,0,0
B26263,0,0,0,0,0,0,0
B26264,0,0,0,0,0,0,0
B26265,0,0,0,0,0,0,0
B26266,0,0,0,0,0,0,0
B26267,0,0,0,0,0,0,0
B26268,0,0,0,0,0,0,0
B26269,0,0,0,0,0,0,0
B26270,0,0,0,0,0,0,0
B26271,0,0,0,0,0,0,0
B26272,0,0,0,0,0,0,0
B26273,0,0,0,0,0,0,0
B26274,0,0,0,0,0,0,0
B26275,0,0,0,0,0,0,0
B26276,0,0,0,0,0,0,0
B26277,0,0,0,0,0,0,0
B26278,0,0,0,0,0,0,0
B26279,0,0,0,0,0,0,0
B26280,0,0,0,0,0,0,0
B26281,0,0,0,0,0,0,0
B26282,0,0,0,0,0,0,0
B26283,0,0,0,0,0,0,0
B26284,0,0,0,0,0,0,0
B26285,0,0,0,0,0,0,0
B26286,0,0,0,0,0,0,0
B26287,0,0,0,0,0,0,0
B26288,0,0,0,0,0,0,0
B26289,0,0,0,0,0,0,0
B26290,0,0,0,0,0,0,0
B26291,0,0,0,0,0,0,0
B26292,0,0,0,0,0,0,0
B26293,0,0,0,0,0,0,0
B26294,0,0,0,0,0,0,0
B26295,0,0,0,0,0,0,0
B26296,0,0,0,0,0,0,0
B26297,0,0,0,0,0,0,0
B26298,0,0,0,0,0,0,0
B26299,0,0,0,0,0,0,0
B26300,0,0,0,0,0,0,0
B26301,0,0,0,0,0,0,0
B26302,0,0,0,0,0,0,0
B26303,0,0,0,0,0,0,0
B26304,0,0,0,0,0,0,0
B26305,0,0,0,0,0,0,0
B26306,0,0,0,0,0,0,0
B26307,0,0,0,0,0,0,0
B26308,0,0,0,0,0,0,0
B26309,0,0,0,0,0,0,0
B26310,0,0,0,0,0,0,0
B26311,0,0,0,0,0,0,0
B26312,0,0,0,0,0,0,0
B26313,0,0,0,0,0,0,0
B26314,0,0,0,0,0,0,0
B26315,0,0,0,0,0,0,0
B26316,0,0,0,0,0,0,0
B26317,0,0,0,0,0,0,0
B26318,0,0,0,0,0,0,0
B26319,0,0,0,0,0,0,0
B26320,0,0,0,0,0,0,0
B26321,0,0,0,0,0,0,0
B26322,0,0,0,0,0,0,0
B26323,0,0,0,0,0,0,0
B26324,0,0,0,0,0,0,0
B26325,0,0,0,0,0,0,0
B26326,0,0,0,0,0,0,0
B26327,0,0,0,0,0,0,0
B26328,0,0,0,0,0,0,0
B26329,0,0,0,0,0,0,0
B26330,0,0,0,0,0,0,0
B26331,0,0,0,0,0,0,0
B26332,0,0,0,0,0,0,0
B26333,0,0,0,0,0,0,0
B26334,0,0,0,0,0,0,0
B26335,0,0,0,0,0,0,0
B26336,0,0,0,0,0,0,0
B26337,0,0,0,0,0,0,0
B26338,0,0,0,0,0,0,0
B26339,0,0,0,0,0,0,0
B26340,0,0,0,0,0,0,0
B26341,0,0,0,0,0,0,0
B26342,0,0,0,0,0,0,0
B26343,0,0,0,0,0,0,0
B26344,0,0,0,0,0,0,0
B26345,0,0,0,0,0,0,0
B26346,0,0,0,0,0,0,0
B26347,0,0,0,0,0,0,0
B26348,0,0,0,0,0,0,0
B26349,0,0,0,0,0,0,0
B26350,0,0,0,0,0,0,0
B26351,0,0,0,0,0,0,0
B26352,0,0,0,0,0,0,0
B26353,0,0,0,0,0,0,0
B26354,0,0,0,0,0,0,0
B26355,0,0,0,0,0,0,0
B26356,0,0,0,0,0,0,0
B26357,0,0,0,0,0,0,0
B26358,0,0,0,0,0,0,0
B26359,0,0,0,0,0,0,0
B26360,0,0,0,0,0,0,0
B26361,0,0,0,0,0,0,0
B26362,0,0,0,0,0,0,0
B26363,0,0,0,0,0,0,0
B26364,0,0,0,0,0,0,0
B26365,0,0,0,0,0,0,0
B26366,0,0,0,0,0,0,0
B26367,0,0,0,0,0,0,0
B26368,0,0,0,0,0,0,0
B26369,0,0,0,0,0,0,0
B26370,0,0,0,0,0,0,0
B26371,0,0,0,0,0,0,0
B26372,0,0,0,0,0,0,0
B26373,0,0,0,0,0,0,0
B26374,0,0,0,0,0,0,0
B26375,0,0,0,0,0,0,0
B26376,0,0,0,0,0,0,0
B26377,0,0,0,0,0,0,0
B26378,0,0,0,0,0,0,0
B26379,0,0,0,0,0,0,0
B26380,0,0,0,0,0,0,0
B26381,0,0,0,0,0,0,0
B26382,0,0,0,0,0,0,0
B26383,0,0,0,0,0,0,0
B26384,0,0,0,0,0,0,0
B26385,0,0,0,0,0,0,0
B26386,0,0,0,0,0,0,0
B26387,0,0,0,0,0,0,0
B26388,0,0,0,0,0,0,0
B26389,0,0,0,0,0,0,0
B26390,0,0,0,0,0,0,0
B26391,0,0,0,0,0,0,0
B26392,0,0,0,0,0,0,0
B26393,0,0,0,0,0,0,0
B26394,0,0,0,0,0,0,0
B26395,0,0,0,0,0,0,0
B26396,0,0,0,0,0,0,0
B26397,0,0,0,0,0,0,0
B26398,0,0,0,0,0,0,0
B26399,0,0,0,0,0,0,0
B26400,0,0,0,0,0,0,0
B26401,0,0,0,0,0,0,0
B26402,0,0,0,0,0,0,0
B26403,0,0,0,0,0,0,0
B26404,0,0,0,0,0,0,0
B26405,0,0,0,0,0,0,0
B26406,0,0,0,0,0,0,0
B26407,0,0,0,0,0,0,0
B26408,0,0,0,0,0,0,0
B26409,0,0,0,0,0,0,0
B26410,0,0,0,0,0,0,0
B26411,0,0,0,0,0,0,0
B26412,0,0,0,0,0,0,0
B26413,0,0,0,0,0,0,0
B26414,0,0,0,0,0,0,0
B26415,0,0,0,0,0,0,0
B26416,0,0,0,0,0,0,0
B26417,0,0,0,0,0,0,0
B26418,0,0,0,0,0,0,0
B26419,0,0,0,0,0,0,0
B26420,0,0,0,0,0,0,0
B26421,0,0,0,0,0,0,0
B26422,0,0,0,0,0,0,0
B26423,0,0,0,0,0,0,0
B26424,0,0,0,0,0,0,0
B26425,0,0,0,0,0,0,0
B26426,0,0,0,0,0,0,0
B26427,0,0,0,0,0,0,0
B26428,0,0,0,0,0,0,0
B26429,0,0,0,0,0,0,0
B26430,0,0,0,0,0,0,0
B26431,0,0,0,0,0,0,0
B26432,0,0,0,0,0,0,0
B26433,0,0,0,0,0,0,0
B26434,0,0,0,0,0,0,0
B26435,0,0,0,0,0,0,0
B26436,0,0,0,0,0,0,0
B26437,0,0,0,0,0,0,0
B26438,0,0,0,0,0,0,0
B26439,0,0,0,0,0,0,0
B26440,0,0,0,0,0,0,0
B26441,0,0,0,0,0,0,0
B26442,0,0,0,0,0,0,0
B26443,0,0,0,0,0,0,0
B26444,0,0,0,0,0,0,0
B26445,0,0,0,0,0,0,0
B26446,0,0,0,0,0,0,0
B26447,0,0,0,0,0,0,0
B26448,0,0,0,0,0,0,0
B26449,0,0,0,0,0,0,0
B26450,0,0,0,0,0,0,0
B26451,0,0,0,0,0,0,0
B26452,0,0,0,0,0,0,0
B26453,0,0,0,0,0,0,0
B26454,0,0,0,0,0,0,0
B26455,0,0,0,0,0,0,0
B26456,0,0,0,0,0,0,0
B26457,0,0,0,0,0,0,0
B26458,0,0,0,0,0,0,0
B26459,0,0,0,0,0,0,0
B26460,0,0,0,0,0,0,0
B26461,0,0,0,0,0,0,0
B26462,0,0,0,0,0,0,0
B26463,0,0,0,0,0,0,0
B26464,0,0,0,0,0,0,0
B26465,0,0,0,0,0,0,0
B26466,0,0,0,0,0,0,0
B26467,0,0,0,0,0,0,0
B26468,0,0,0,0,0,0,0
B26469,0,0,0,0,0,0,0
B26470,0,0,0,0,0,0,0
B26471,0,0,0,0,0,0,0
B26472,0,0,0,0,0,0,0
B26473,0,0,0,0,0,0,0
B26474,0,0,0,0,0,0,0
B26475,0,0,0,0,0,0,0
B26476,0,0,0,0,0,0,0
B26477,0,0,0,0,0,0,0
B26478,0,0,0,0,0,0,0
B26479,0,0,0,0,0,0,0
B26480,0,0,0,0,0,0,0
B26481,0,0,0,0,0,0,0
B26482,0,0,0,0,0,0,0
B26483,0,0,0,0,0,0,0
B26484,0,0,0,0,0,0,0
B26485,0,0,0,0,0,0,0
B26486,0,0,0,0,0,0,0
B26487,0,0,0,0,0,0,0
B26488,0,0,0,0,0,0,0
B26489,0,0,0,0,0,0,0
B26490,0,0,0,0,0,0,0
B26491,0,0,0,0,0,0,0
B26492,0,0,0,0,0,0,0
B26493,0,0,0,0,0,0,0
B26494,0,0,0,0,0,0,0
B26495,0,0,0,0,0,0,0
B26496,0,0,0,0,0,0,0
B26497,0,0,0,0,0,0,0
B26498,0,0,0,0,0,0,0
B26499,0,0,0,0,0,0,0
B26500,0,0,0,0,0,0,0
B26501,0,0,0,0,0,0,0
B26502,0,0,0,0,0,0,0
B26503,0,0,0,0,0,0,0
B26504,0,0,0,0,0,0,0
B26505,0,0,0,0,0,0,0
B26506,0,0,0,0,0,0,0
B26507,0,0,0,0,0,0,0
B26508,0,0,0,0,0,0,0
B26509,0,0,0,0,0,0,0
B26510,0,0,0,0,0,0,0
B26511,0,0,0,0,0,0,0
B26512,0,0,0,0,0,0,0
B26513,0,0,0,0,0,0,0
B26514,0,0,0,0,0,0,0
B26515,0,0,0,0,0,0,0
B26516,0,0,0,0,0,0,0
B26517,0,0,0,0,0,0,0
B26518,0,0,0,0,0,0,0
B26519,0,0,0,0,0,0,0
B26520,0,0,0,0,0,0,0
B26521,0,0,0,0,0,0,0
B26522,0,0,0,0,0,0,0
B26523,0,0,0,0,0,0,0
B26524,0,0,0,0,0,0,0
B26525,0,0,0,0,0,0,0
B26526,0,0,0,0,0,0,0
B26527,0,0,0,0,0,0,0
B26528,0,0,0,0,0,0,0
B26529,0,0,0,0,0,0,0
B26530,0,0,0,0,0,0,0
B26531,0,0,0,0,0,0,0
B26532,0,0,0,0,0,0,0
B26533,0,0,0,0,0,0,0
B26534,0,0,0,0,0,0,0
B26535,0,0,0,0,0,0,0
B26536,0,0,0,0,0,0,0
B26537,0,0,0,0,0,0,0
B26538,0,0,0,0,0,0,0
B26539,0,0,0,0,0,0,0
B26540,0,0,0,0,0,0,0
B26541,0,0,0,0,0,0,0
B26542,0,0,0,0,0,0,0
B26543,0,0,0,0,0,0,0
B26544,0,0,0,0,0,0,0
B26545,0,0,0,0,0,0,0
B26546,0,0,0,0,0,0,0
B26547,0,0,0,0,0,0,0
B26548,0,0,0,0,0,0,0
B26549,0,0,0,0,0,0,0
B26550,0,0,0,0,0,0,0
B26551,0,0,0,0,0,0,0
B26552,0,0,0,0,0,0,0
B26553,0,0,0,0,0,0,0
B26554,0,0,0,0,0,0,0
B26555,0,0,0,0,0,0,0
B26556,0,0,0,0,0,0,0
B26557,0,0,0,0,0,0,0
B26558,0,0,0,0,0,0,0
B26559,0,0,0,0,0,0,0
B26560,0,0,0,0,0,0,0
B26561,0,0,0,0,0,0,0
B26562,0,0,0,0,0,0,0
B26563,0,0,0,0,0,0,0
B26564,0,0,0,0,0,0,0
B26565,0,0,0,0,0,0,0
B26566,0,0,0,0,0,0,0
B26567,0,0,0,0,0,0,0
B26568,0,0,0,0,0,0,0
B26569,0,0,0,0,0,0,0
B26570,0,0,0,0,0,0,0
B26571,0,0,0,0,0,0,0
B26572,0,0,0,0,0,0,0
B26573,0,0,0,0,0,0,0
B26574,0,0,0,0,0,0,0
B26575,0,0,0,0,0,0,0
B26576,0,0,0,0,0,0,0
B26577,0,0,0,0,0,0,0
B26578,0,0,0,0,0,0,0
B26579,0,0,0,0,0,0,0
B26580,0,0,0,0,0,0,0
B26581,0,0,0,0,0,0,0
B26582,0,0,0,0,0,0,0
B26583,0,0,0,0,0,0,0
B26584,0,0,0,0,0,0,0
B26585,0,0,0,0,0,0,0
B26586,0,0,0,0,0,0,0
B26587,0,0,0,0,0,0,0
B26588,0,0,0,0,0,0,0
B26589,0,0,0,0,0,0,0
B26590,0,0,0,0,0,0,0
B26591,0,0,0,0,0,0,0
B26592,0,0,0,0,0,0,0
B26593,0,0,0,0,0,0,0
B26594,0,0,0,0,0,0,0
B26595,0,0,0,0,0,0,0
B26596,0,0,0,0,0,0,0
B26597,0,0,0,0,0,0,0
B26598,0,0,0,0,0,0,0
B26599,0,0,0,0,0,0,0
B26600,0,0,0,0,0,0,0
B26601,0,0,0,0,0,0,0
B26602,0,0,0,0,0,0,0
B26603,0,0,0,0,0,0,0
B26604,0,0,0,0,0,0,0
B26605,0,0,0,0,0,0,0
B26606,0,0,0,0,0,0,0
B26607,0,0,0,0,0,0,0
B26608,0,0,0,0,0,0,0
B26609,0,0,0,0,0,0,0
B26610,0,0,0,0,0,0,0
B26611,0,0,0,0,0,0,0
B26612,0,0,0,0,0,0,0
B26613,0,0,0,0,0,0,0
B26614,0,0,0,0,0,0,0
B26615,0,0,0,0,0,0,0
B26616,0,0,0,0,0,0,0
B26617,0,0,0,0,0,0,0
B26618,0,0,0,0,0,0,0
B26619,0,0,0,0,0,0,0
B26620,0,0,0,0,0,0,0
B26621,0,0,0,0,0,0,0
B26622,0,0,0,0,0,0,0
B26623,0,0,0,0,0,0,0
B26624,0,0,0,0,0,0,0
B26625,0,0,0,0,0,0,0
B26626,0,0,0,0,0,0,0
B26627,0,0,0,0,0,0,0
B26628,0,0,0,0,0,0,0
B26629,0,0,0,0,0,0,0
B26630,0,0,0,0,0,0,0
B26631,0,0,0,0,0,0,0
B26632,0,0,0,0,0,0,0
B26633,0,0,0,0,0,0,0
B26634,0,0,0,0,0,0,0
B26635,0,0,0,0,0,0,0
B26636,0,0,0,0,0,0,0
B26637,0,0,0,0,0,0,0
B26638,0,0,0,0,0,0,0
B26639,0,0,0,0,0,0,0
B26640,0,0,0,0,0,0,0
IM26001,0,0,0,0,0,0,0
IM26002,0,0,0,0,0,0,0
IM26003,0,0,0,0,0,0,0
IM26004,0,0,0,0,0,0,0
IM26005,0,0,0,0,0,0,0
IM26006,0,0,0,0,0,0,0
IM26007,0,0,0,0,0,0,0
IM26008,0,0,0,0,0,0,0
IM26009,0,0,0,0,0,0,0
IM26010,0,0,0,0,0,0,0
IM26011,0,0,0,0,0,0,0
IM26012,0,0,0,0,0,0,0
IM26013,0,0,0,0,0,0,0
IM26014,0,0,0,0,0,0,0
IM26015,0,0,0,0,0,0,0
IM26016,0,0,0,0,0,0,0
IM26017,0,0,0,0,0,0,0
IM26018,0,0,0,0,0,0,0
IM26019,0,0,0,0,0,0,0
IM26020,0,0,0,0,0,0,0
IM26021,0,0,0,0,0,0,0
IM26022,0,0,0,0,0,0,0
IM26023,0,0,0,0,0,0,0
IM26024,0,0,0,0,0,0,0
IM26025,0,0,0,0,0,0,0
IM26026,0,0,0,0,0,0,0
IM26027,0,0,0,0,0,0,0
IM26028,0,0,0,0,0,0,0
IM26029,0,0,0,0,0,0,0
IM26030,0,0,0,0,0,0,0
IM26031,0,0,0,0,0,0,0
IM26032,0,0,0,0,0,0,0
IM26033,0,0,0,0,0,0,0
IM26034,0,0,0,0,0,0,0
IM26035,0,0,0,0,0,0,0
IM26036,0,0,0,0,0,0,0
IM26037,0,0,0,0,0,0,0
IM26038,0,0,0,0,0,0,0
IM26039,0,0,0,0,0,0,0
IM26040,0,0,0,0,0,0,0
IM26041,0,0,0,0,0,0,0
IM26042,0,0,0,0,0,0,0
IM26043,0,0,0,0,0,0,0
IM26044,0,0,0,0,0,0,0
IM26045,0,0,0,0,0,0,0
IM26046,0,0,0,0,0,0,0
IM26047,0,0,0,0,0,0,0
IM26048,0,0,0,0,0,0,0
IM26049,0,0,0,0,0,0,0
IM26050,0,0,0,0,0,0,0
IM26051,0,0,0,0,0,0,0
IM26052,0,0,0,0,0,0,0
IM26053,0,0,0,0,0,0,0
IM26054,0,0,0,0,0,0,0
IM26055,0,0,0,0,0,0,0
IM26056,0,0,0,0,0,0,0
IM26057,0,0,0,0,0,0,0
IM26058,0,0,0,0,0,0,0
IM26059,0,0,0,0,0,0,0
IM26060,0,0,0,0,0,0,0
IM26061,0,0,0,0,0,0,0
IM26062,0,0,0,0,0,0,0
IM26063,0,0,0,0,0,0,0
IM26064,0,0,0,0,0,0,0
IM26065,0,0,0,0,0,0,0
IM26066,0,0,0,0,0,0,0
IM26067,0,0,0,0,0,0,0
IM26068,0,0,0,0,0,0,0
IM26069,0,0,0,0,0,0,0
IM26070,0,0,0,0,0,0,0
IM26071,0,0,0,0,0,0,0
IM26072,0,0,0,0,0,0,0
IM26073,0,0,0,0,0,0,0
IM26074,0,0,0,0,0,0,0
IM26075,0,0,0,0,0,0,0
IM26076,0,0,0,0,0,0,0
IM26077,0,0,0,0,0,0,0
IM26078,0,0,0,0,0,0,0
IM26079,0,0,0,0,0,0,0
IM26080,0,0,0,0,0,0,0